"Name","eext__ExternalId__c","eext__Namespace__c","eext__Package_ID__c"
"Modal Template","a0q7Q000001Kuh6QAC","dwp_mdal","0331r0000009u5P"
"Initiatives","a0q7Q000001KuhkQAC","intt","0336g0000009sYd"
"Business Plan","a0q7Q000001KudKQAS","bupl","0336g0000005XQl"
"Real Time Notifications Display","a0q7Q000001KueDQAS","dwp_rtnd","0331t000000Y8H9"
"Forecast (PPG)","a0q7Q000001KugDQAS","dwp_frct","0330X0000005h2O"
"Custom Team","a0q7Q000001KugSQAS","ctcp","0336g000000J32n"
"Account Plan","a0q7Q000001KugwQAC","acpl","0333i000000ctRJ"
"Campaign","a0q7Q000001KugxQAC","cond","0331t000000PoYl"
"Product Form","a0q7Q000001KufaQAC","fprd","12345678912345k"
"Visit Kit","a0q7Q000001Kug3QAC","dwp_kitv","0331r000000gThc"
"Goal Tracker","a0q7Q000001KuhzQAC","gtkr","0334W000000xmEY"
"Override Standard Button Message","a0q7Q000001KufpQAC","dwp_osbm","0331r0000005krx"
"Message Bar","a0q7Q000001KuhpQAC","mbr","0332p000000PzCg"
"Branch","a0q7Q000001KuhaQAC","dwp_bran","0331r000000chJD"
"Template Builder","a0q7Q000001Kui9QAC","tmpb","0333h00000051Q9"
"Non Clients","a0q7Q000001KuiJQAS","nonc","0332o0000005mRI"
"Hangout","a0q7Q000001KuhQQAS","dwp_cvhg","0331r000000HUDg"
"Commercial Offer","a0q7Q000001KugrQAC","coff","0335w0000001jHL"
"Dynamic Actions Engine","a0q7Q000001KuiYQAS","dwp_dace","0331r000000Pq2W"
"Quick View Card","a0q7Q000001Kug8QAC","qvcd","0331t000000CqaB"
"Visit Tracker","a0q7Q000001Kui4QAC","vtkr","0334W000000ODMo"
"Contacts","a0q7Q000001KuhLQAS","dwp_cnts","0331r000000A49t"
"Commercial Alerts","a0q7Q000001KugXQAS","altm","0336g000000ARSk"
"Chart Generator","a0q7Q000001KuhBQAS","chgn","033f4000000YYRi"
"Alerts Module","a0q7Q000001KuhuQAC","almd","0330b0000001PvD"
"Pitch","a0q7Q000001KugNQAS","pith","0334T000000LUXJ"
"Users","a0q7Q000001KuhVQAS","dwp_usrs","0331r000000kvBC"
"PDF Previewer","a0q7Q000001KughQAC","pdfp","0334P000000YOhG"
"Guidance for Success","a0q7Q000001Kuh1QAC","gfsc","0336g000000AyK6"
"Calendar View","a0q7Q000001Kuh2QAC","clvw","0336g00000011uk"
"Check In/Out","a0q7Q000001KuhfQAC","cico","0330O000000ASIO"
"Google Calendar Availability","a0q7Q000001KugcQAC","gcav","0336g000000Mmc4"
"Client Group Landing Page","a0q7Q000001KugIQAS","dwp_cglp","0331r000000l7JT"
"Component Wrapper","a0q7Q000001KugmQAC","cmpw","0332E000000ky8U"
"Dynamic Table Display","a0q7Q000001KuiTQAS","dwp_dv","0331r000000LZVa"
"Dynamic Buttons Panel","a0q7Q000001KuiOQAS","dwp_dbpn","0331r000000HY70"
"Dynamic Form","a0q7Q000001KuiEQAS","dyfr","0331t0000009PNW"